ISBN,name,author,pages
1640390226934,Book 1,Lai Dimartino,294
1751724661913,Book 2,Andres Deel,221
2275754787873,Book 3,Chara Davis,301
2762175642412,Book 4,Mahalia Till,233
3382167923510,Book 5,Bertram Postma,278
3919061105580,Book 6,Cherri Vigue,248
4273532446869,Book 7,Elena Servantes,244
5511163958185,Book 8,Jenae Doke,288
5595136807991,Book 9,Spring Laver,308
5644765413926,Book 10,Noelia Bayes,341
5733310862039,Book 11,Caleb Champion,335
5766312333798,Book 12,Joette Winnett,400
5865497335664,Book 13,Cleo Danker,399
6016799997422,Book 14,Carmine Linhart,347
6041525278657,Book 15,Janie Wells,242
6188639946847,Book 16,Delpha Arend,306
8472550279403,Book 17,Brooks Tyre,399
8517854795887,Book 18,Cleta Rodenberg,242
8707474011010,Book 19,Carolann Reveles,242
8939280887665,Book 20,Donya Stellhorn,355